Name,Position,Department
Adam Koch,HR Manager,Sales
Tanya Landry,Product Owner,Human Resources
Chad House,HR Manager,Finance
Gabriela Holmes,Business Analyst,Marketing
Carl Sullivan,Business Analyst,Sales
Kenneth Gibson,Business Analyst,Marketing
Robert Park,HR Manager,Marketing
Terrence Huang,HR Manager,Engineering
Thomas Scott,Business Analyst,Finance
Daniel Castillo,Business Analyst,Human Resources
Henry Lee,DevOps Engineer,Sales
Carla Rice,DevOps Engineer,Marketing
Sandra Ramirez,Business Analyst,IT Support
Amy Boyd,HR Manager,Engineering
Charles Kennedy,Business Analyst,Sales
Eric Jones,Team Lead,Operations
Erica Newman,System Architect,Finance
Maureen Salazar,QA Engineer,IT Support
James Mendoza,Business Analyst,IT Support
Kristine Giles,System Architect,Human Resources
Albert Fowler,Team Lead,Marketing
Henry Brown,Business Analyst,Human Resources
Eric Henderson,Software Engineer,Finance
Shawn Brewer,Business Analyst,Operations
David Clarke,HR Manager,Marketing
Lucas Carpenter,Product Owner,Engineering
Jeffrey Mitchell,Product Owner,Finance
Logan Johnson,Business Analyst,Operations
Kayla Sellers,QA Engineer,IT Support
Courtney Hunter,DevOps Engineer,IT Support
Margaret Chapman,DevOps Engineer,Marketing
Nathan Campbell,Business Analyst,Sales
James Glover,HR Manager,IT Support
Diana Garner,System Architect,Finance
Diane Higgins,Project Manager,Finance
Shannon Allen,Team Lead,IT Support
James Baker,Team Lead,Human Resources
Michael Parker,QA Engineer,Human Resources
Leslie Miller,DevOps Engineer,Human Resources
Vanessa Andrews,Software Engineer,Finance
Amanda Figueroa,System Architect,Finance
Crystal Mosley,HR Manager,Human Resources
Jessica Lopez,Product Owner,Engineering
Kirsten Johns,System Architect,Sales
Daniel Henderson,HR Manager,Operations
Mr. Timothy Ross MD,DevOps Engineer,Marketing
Denise Jordan,Product Owner,Sales
Monica Johnson,QA Engineer,IT Support
Randall Christensen,HR Manager,Marketing
Kevin Bentley,Software Engineer,Operations
Holly Duncan,System Architect,Engineering
William Sanders,QA Engineer,IT Support
Thomas Madden,Software Engineer,Human Resources
Martha Jones,System Architect,Marketing
Elizabeth Gray,System Architect,Human Resources
Jessica Johnson MD,Software Engineer,Engineering
Robin Mckinney,Business Analyst,Finance
Donna Garcia,HR Manager,Human Resources
Dr. Nicole Leblanc,Business Analyst,Human Resources
Jeremy Mason,Team Lead,Marketing
Sarah David,Business Analyst,IT Support
Stephen Nicholson,Business Analyst,Finance
Mark Love,Product Owner,Operations
Christopher Cruz,HR Manager,Sales
Ellen Crane,DevOps Engineer,Human Resources
Benjamin Torres,Software Engineer,Human Resources
Leslie Barry,Business Analyst,Engineering
Melissa Williams,DevOps Engineer,Operations
Kyle Lara,Project Manager,Operations
Mrs. Amanda Richardson,Product Owner,Operations
Tyler Flowers,DevOps Engineer,IT Support
Angela Jones,System Architect,IT Support
Eddie Khan,Business Analyst,Human Resources
Robin Hill,Team Lead,Engineering
Mr. Logan Wagner,Product Owner,IT Support
Alexander Vaughn,QA Engineer,Marketing
Blake Rodriguez,Team Lead,Operations
Dr. Sandy Davis MD,Project Manager,Human Resources
Kendra Weiss,HR Manager,Human Resources
Jeanne Pineda,Project Manager,Marketing
Brett Martin DVM,HR Manager,IT Support
Michelle Ramsey,Business Analyst,Operations
Kendra Cherry,Team Lead,Operations
Rachel Sims,Product Owner,Sales
Sheila Robertson,Project Manager,Marketing
Suzanne Miller,Product Owner,Engineering
Edwin Cook,Product Owner,Operations
Lance Glenn,QA Engineer,Human Resources
Theresa Powell,Project Manager,Sales
Nancy Sherman,Software Engineer,Operations
Ryan Jacobs,Software Engineer,Operations
Mary Johnson,QA Engineer,Marketing
Barbara Mcdonald,Team Lead,Marketing
Maria Brown,Software Engineer,IT Support
Gary Baird,HR Manager,Finance
Karen Dunlap,Team Lead,Engineering
Linda Erickson,Business Analyst,Finance
Paul Vaughan,Team Lead,Human Resources
Belinda Ramirez,DevOps Engineer,Human Resources
Rebecca Gibson,System Architect,Marketing
Cassie Smith,DevOps Engineer,Sales
Alex Ross,Business Analyst,Finance
Miss Kathryn Preston,System Architect,Engineering
Amy Martin,Product Owner,Operations
Marcus Hebert,HR Manager,Human Resources
Bryan Mills,Business Analyst,Marketing
Keith Wilson,Software Engineer,Engineering
Elizabeth Huang,Business Analyst,Finance
Daniel Johns,Team Lead,Sales
Tyler Martin,Software Engineer,IT Support
Malik Merritt,System Architect,Engineering
Ryan Cordova,Business Analyst,Engineering
Dale Jackson,HR Manager,Marketing
Bradley Huynh,QA Engineer,Operations
Mr. Patrick Harvey,Software Engineer,Sales
Beverly Taylor,Project Manager,IT Support
Eric Lawson,Product Owner,Marketing
Veronica Miller,DevOps Engineer,Human Resources
Jonathan Hess,Product Owner,Operations
Theresa Fritz,Project Manager,Engineering
Christopher Williams,Team Lead,Finance
Mrs. Mallory Williams DDS,Business Analyst,Marketing
Samantha Mcdowell,Software Engineer,IT Support
Regina Carter,HR Manager,Human Resources
James Wood,Team Lead,Operations
Mercedes Henderson,System Architect,Operations
Cynthia Chang,DevOps Engineer,Finance
Brian Ramirez,Business Analyst,Finance
Veronica Cobb,System Architect,Finance
Jacob Lewis,Project Manager,Operations
Melanie Miller,Product Owner,Engineering
Carolyn Cardenas,System Architect,Operations
Shawn Sexton,QA Engineer,Marketing
Bianca Ray,Business Analyst,Operations
Sydney Holden,QA Engineer,Operations
Jason Hamilton,System Architect,Sales
Nicholas Valdez,Team Lead,Operations
Jessica Shaw,HR Manager,Human Resources
Bobby Torres,Business Analyst,Finance
Lori Huff,Product Owner,Engineering
Tammy Goodwin,Business Analyst,IT Support
Brandi Nunez,DevOps Engineer,Finance
Ana Johnson,Project Manager,Marketing
Mark Small,DevOps Engineer,IT Support
Charlene Morris,Project Manager,Operations
Theresa Harrison,Project Manager,Sales
Michael Orozco,Product Owner,Sales
Anne Arnold,System Architect,Engineering
Lisa Dillon,Product Owner,Operations
Brian Ford,HR Manager,Finance
Veronica Hogan,Team Lead,Operations
Kimberly Vargas,QA Engineer,Finance
Todd Rhodes,Business Analyst,Sales
Justin Clark,Software Engineer,Finance
Stephanie Mcdaniel,System Architect,IT Support
Mary Nelson,Project Manager,Marketing
Paul Arellano,Product Owner,Engineering
Patrick Baker,Team Lead,Human Resources
Victoria Robinson,Software Engineer,Finance
Robin Ford,HR Manager,Engineering
Emily Glover,System Architect,Marketing
Andrew Guzman,System Architect,Engineering
Michelle Decker,HR Manager,IT Support
Shawn Hampton,Product Owner,IT Support
Catherine Miller,DevOps Engineer,Finance
Daniel Parker,HR Manager,Finance
Tiffany Watson,DevOps Engineer,Engineering
Katie Rhodes,System Architect,Sales
Victoria Smith,System Architect,Operations
Kevin Flores,QA Engineer,Engineering
Gregory Delgado,Product Owner,Engineering
Matthew Burns,QA Engineer,Sales
Sean Miller,System Architect,Finance
Gary Wells,HR Manager,IT Support
Benjamin Mcneil,HR Manager,Finance
Teresa Miller,Software Engineer,Marketing
Jose Alvarez,Team Lead,IT Support
Nancy Fields,Business Analyst,Marketing
Adam Marsh PhD,Team Lead,Marketing
April Rowe,Product Owner,IT Support
Mr. Chad Alvarado,System Architect,IT Support
Gina Werner,Product Owner,IT Support
Katherine Jackson,QA Engineer,Engineering
Andrea Daniel,HR Manager,Human Resources
Stephanie Jackson,System Architect,Sales
Melissa Sanchez,DevOps Engineer,Operations
Edgar Anderson,HR Manager,Human Resources
Roberta Fowler,HR Manager,Engineering
Rebecca Gonzalez,HR Manager,Sales
John Harris,Software Engineer,Engineering
Tara Roberts,QA Engineer,Human Resources
Megan Russell,Product Owner,Finance
Paul Salazar,Software Engineer,Operations
Jody Mccormick,Software Engineer,Marketing
Lisa Anthony,Business Analyst,Engineering
Victor Mooney,Project Manager,Human Resources
Joseph Short,Product Owner,IT Support
Kristie Hoffman,Product Owner,Human Resources
Michelle Perez,Project Manager,Human Resources
Tammy Smith,QA Engineer,Sales
Rachael Mccoy,HR Manager,Finance
Lindsey Riley,Software Engineer,Finance
Paul Ryan,Team Lead,Operations
Angela Carr,Team Lead,Finance
Alexis Smith,DevOps Engineer,Operations
James Palmer,Project Manager,Human Resources
Joshua Sutton,Software Engineer,Marketing
Jessica Bell,QA Engineer,Operations
Thomas Smith,Project Manager,IT Support
Tiffany Cruz,Project Manager,IT Support
Albert Ramirez,QA Engineer,Marketing
Tyrone Burgess,System Architect,Engineering
Megan Wilkins,QA Engineer,Marketing
Michelle Bowers,System Architect,Operations
Jerry Walton,Team Lead,IT Support
Noah Dawson,QA Engineer,Engineering
Eric Clark,Team Lead,IT Support
Travis Pope,System Architect,Finance
Paul Underwood,System Architect,Human Resources
Stacey Larsen,DevOps Engineer,Sales
Rebecca Perez,Software Engineer,Human Resources
Elizabeth Smith,Software Engineer,Engineering
Yolanda Garcia,Team Lead,Sales
Angela Murray,HR Manager,IT Support
Jason Wang,Software Engineer,Sales
Pedro Barber,DevOps Engineer,IT Support
Shane Liu,Project Manager,Finance
Samuel Watson,Team Lead,Sales
William Ellis,Software Engineer,Operations
Jacob Ross,Business Analyst,Marketing
Mr. Benjamin Ortiz,DevOps Engineer,IT Support
Joseph Jenkins,QA Engineer,Finance
Ashley Miller,QA Engineer,Sales
Mckenzie Smith,HR Manager,Human Resources
Carla Ray,Project Manager,Marketing
Sara Simmons,Team Lead,Marketing
Wendy Hernandez,Project Manager,Marketing
Bryan Allen,Project Manager,Engineering
Mary Rodriguez,QA Engineer,Engineering
Teresa Romero,Project Manager,Human Resources
Edward Miller,Product Owner,Sales
Deborah Hill DVM,Project Manager,Operations
John Rodriguez,QA Engineer,Human Resources
Jacob Young,Product Owner,IT Support
Ryan Patterson,QA Engineer,Human Resources
Natalie Sullivan,Business Analyst,Finance
Mikayla Andrews,Project Manager,Human Resources
Jenny Smith,DevOps Engineer,IT Support
Kenneth Wilson,Team Lead,Human Resources
Stephen Page,Business Analyst,Operations
Jesus Hall,QA Engineer,Sales
Kyle Moreno,QA Engineer,Marketing
Jasmine Zuniga,System Architect,Engineering
Nicole Harding MD,Team Lead,IT Support
Katie Henderson,Team Lead,Sales
Christopher Smith,Software Engineer,Finance
Thomas Palmer,Team Lead,Sales
Edward Davis,Project Manager,Marketing
Megan Flores,DevOps Engineer,Human Resources
Barbara Ramirez PhD,HR Manager,IT Support
Emma Espinoza,System Architect,Marketing
Robyn Mccoy,Software Engineer,IT Support
Renee Fox,Team Lead,Marketing
Michael James,Product Owner,Human Resources
Kelly Cox,Business Analyst,Engineering
Don Young,Business Analyst,Human Resources
Amanda Cohen,System Architect,Marketing
Sarah Watkins,Business Analyst,Sales
James Walker,Team Lead,Finance
Dylan Avery,HR Manager,IT Support
Robin Clark,DevOps Engineer,Marketing
Richard Brown,Product Owner,Human Resources
Bonnie Perez,DevOps Engineer,Operations
Barbara Russo,System Architect,Marketing
Derek Harper,Product Owner,Sales
Samantha Garza,HR Manager,IT Support
Zachary Foster,Project Manager,Human Resources
Michael Bruce,DevOps Engineer,Marketing
Leonard Richardson,Business Analyst,Marketing
Joseph Stevens,QA Engineer,Human Resources
Amber James,Product Owner,Sales
James Simon,Project Manager,IT Support
Jessica Rodriguez,Software Engineer,IT Support
Kyle Anderson,Product Owner,Sales
Ryan Wilson,HR Manager,IT Support
Ashley Wilson,Project Manager,Engineering
Alexis Pierce,Project Manager,Human Resources
Joe Hall,HR Manager,Operations
Timothy Oconnor DDS,HR Manager,Marketing
Kristin Harvey,QA Engineer,Finance
Darlene Knapp,DevOps Engineer,Operations
Thomas Cooper,System Architect,IT Support
Jared Baker,System Architect,Engineering
Edward Sims,System Architect,Operations
Todd Robertson,Project Manager,Operations
Ashley Lewis,Product Owner,Marketing
Amanda Rodriguez,Software Engineer,Finance
Elijah Bowers,Business Analyst,Sales
Monica Roman,Business Analyst,Finance
Colleen Bennett,Project Manager,Marketing
Scott Salazar,Business Analyst,Human Resources
Jo Avila,Product Owner,Engineering
James Holmes,System Architect,Sales
Jesus Curtis,HR Manager,Finance
Emily Thornton,Team Lead,Engineering
Scott Scott,QA Engineer,Finance
David Wilson,QA Engineer,Finance
Kurt Santiago,HR Manager,Sales
Ashley Humphrey,Software Engineer,Finance
Laurie Wilcox,Product Owner,Engineering
David Delacruz,Product Owner,Operations
Jason Long,System Architect,Operations
Joan Lang,QA Engineer,Human Resources
Christian Mahoney,QA Engineer,Operations
Brad Daniels,Product Owner,Engineering
Kathleen Haas,Team Lead,Human Resources
Joanna Bolton,DevOps Engineer,Finance
Bridget Rocha,Software Engineer,Sales
Jeanne Knight,DevOps Engineer,IT Support
Luis Hayden,Project Manager,Sales
Steve Ford,Team Lead,Operations
Timothy Harmon,Project Manager,Engineering
Michael Gutierrez,DevOps Engineer,Operations
Brian Gordon,DevOps Engineer,Sales
Alison Park,HR Manager,Human Resources
Tammy Wilson,Team Lead,Engineering
Robert Villanueva,DevOps Engineer,Finance
Marcus Barker,Project Manager,Finance
Elizabeth Adams,DevOps Engineer,Marketing
Jamie Vasquez,Business Analyst,Engineering
Sharon Hubbard,Product Owner,Sales
Crystal Cortez,HR Manager,Engineering
John Soto,DevOps Engineer,Finance
Stephanie Hernandez,Product Owner,IT Support
Steven Lee,HR Manager,Sales
Christopher Davidson,QA Engineer,Sales
Candice Wilson,Team Lead,Human Resources
James King,QA Engineer,Marketing
Valerie Smith,DevOps Engineer,Operations
Lauren Brown,DevOps Engineer,Human Resources
Patricia Bryant,Product Owner,Engineering
Jennifer Ferrell,Software Engineer,Sales
Brittany Parker,Product Owner,IT Support
Joyce Graham,Software Engineer,Finance
Lance Anderson,HR Manager,IT Support
Cynthia Dudley,DevOps Engineer,Finance
Crystal Hooper,Business Analyst,Finance
Tyler Shah,Project Manager,Operations
Howard Perez,QA Engineer,Finance
Christopher Powell,QA Engineer,Operations
Raymond Davis,DevOps Engineer,Operations
Jesse Villanueva,HR Manager,IT Support
Brooke Hensley,Software Engineer,Marketing
Mr. Roy Campos MD,Software Engineer,Engineering
Diane Wright,QA Engineer,Engineering
Shari Sanchez,Project Manager,Marketing
Shane Higgins,HR Manager,Engineering
Charles Craig,DevOps Engineer,Human Resources
William Davila,Software Engineer,Operations
Jennifer Edwards,HR Manager,Marketing
Jonathan Nguyen,Software Engineer,Engineering
Maria Lee,Team Lead,IT Support
Nicole Miles,QA Engineer,IT Support
Kimberly Johnson,DevOps Engineer,Sales
Kenneth Mendez,Business Analyst,Finance
Daniel Robles,Business Analyst,Engineering
Derrick Chavez,Business Analyst,Finance
Steven Stanley,Business Analyst,Marketing
William Bennett,Business Analyst,Marketing
Kelly Wolf,Software Engineer,Marketing
Peter Hall,HR Manager,IT Support
Ruth Villanueva,QA Engineer,Human Resources
Daniel Trevino,Team Lead,Human Resources
Joshua Hunter,Software Engineer,Engineering
Justin Harris,System Architect,IT Support
Bill Collins,QA Engineer,Marketing
Elizabeth Tate,System Architect,IT Support
Jeff Garcia,Team Lead,Finance
John Robinson,Product Owner,Finance
Kristen Weaver,Product Owner,Engineering
Brian Murray,Business Analyst,IT Support
Kenneth Taylor,DevOps Engineer,Human Resources
Monica Lane,DevOps Engineer,Finance
Eric Warren,Business Analyst,Marketing
Nicole Boyle,Team Lead,Sales
James Blackwell,System Architect,Finance
April Dickerson,Product Owner,IT Support
Edwin Patterson,Product Owner,Human Resources
Amber Kim,Product Owner,IT Support
Nicholas Moore,HR Manager,Sales
John Frazier,Product Owner,Finance
Alexander Mathis,Product Owner,Finance
Samantha Jones,Team Lead,Sales
John Brady,Business Analyst,Sales
Wendy Morris,System Architect,IT Support
Jason Sherman,DevOps Engineer,Operations
Michael Bell,System Architect,Operations
Todd Deleon,System Architect,Finance
Gary Thompson,Software Engineer,Engineering
Malik Smith,System Architect,Finance
Brittany Long,HR Manager,Sales
Andrew Webb,Software Engineer,Finance
David Mcdaniel,Team Lead,Marketing
Brittany Gonzales,Software Engineer,Finance
Angel Flores,Team Lead,Engineering
David Robinson,Business Analyst,Human Resources
Craig Lester,Business Analyst,Finance
Courtney Sullivan,Product Owner,Sales
Tony Crane,QA Engineer,Engineering
Richard Durham,DevOps Engineer,Marketing
Julie Silva,Team Lead,IT Support
John Andersen,Product Owner,Finance
Robert Mejia,Product Owner,IT Support
Matthew Miller,DevOps Engineer,Marketing
Joanna Bailey,Software Engineer,IT Support
Megan Walsh,Project Manager,Finance
Shawn Nelson,Product Owner,Engineering
Howard Ball,Business Analyst,IT Support
Tammy Middleton,Team Lead,Engineering
Michael Lewis,HR Manager,Finance
Madison Stewart,Project Manager,Sales
Chloe Yu,System Architect,Marketing
Erin Lawrence,QA Engineer,IT Support
Mandy David,Project Manager,Human Resources
Shawn Watson,Product Owner,Finance
Gina Keller,Project Manager,Human Resources
Ashley Green,Software Engineer,Sales
Glenn Mitchell,QA Engineer,IT Support
Brett Fowler,DevOps Engineer,IT Support
Jonathan Taylor,Project Manager,Engineering
Chelsea Allen,HR Manager,Marketing
Melissa Mccoy,QA Engineer,Finance
Heather Gibson,Team Lead,Finance
Anthony Daniel,System Architect,Finance
Vanessa Thompson,DevOps Engineer,Human Resources
Danielle Pham,Product Owner,Finance
Faith Barton,Product Owner,Finance
Summer Smith,Product Owner,Marketing
Mrs. Robin Perez,DevOps Engineer,Human Resources
Stacy Miller,Business Analyst,Sales
Tammy Anderson,System Architect,IT Support
Katherine Miller,Team Lead,Finance
Sharon Johnson,DevOps Engineer,Human Resources
Pamela Henderson,Business Analyst,Marketing
Mr. Henry Baldwin,Software Engineer,Operations
Larry Johnson,Product Owner,Human Resources
John Turner,DevOps Engineer,Engineering
Charles Wilson,Software Engineer,Sales
Nicole Taylor,Business Analyst,Marketing
Holly Brown,Software Engineer,Finance
David Woodard,Product Owner,Marketing
Lacey Gomez,QA Engineer,Operations
Lorraine Sheppard,System Architect,Operations
Leslie Cisneros,Product Owner,IT Support
David Medina,System Architect,Sales
Michael Ramirez,Product Owner,Human Resources
Charles Fuller,QA Engineer,Engineering
Victor Cox,DevOps Engineer,Finance
Elijah Mitchell,System Architect,Marketing
Gary Moore,QA Engineer,Engineering
Barbara Davis,Business Analyst,IT Support
Jade Arnold,Project Manager,IT Support
Kelly Hale,Business Analyst,Human Resources
Edward Gonzalez,Product Owner,Sales
Alisha Carlson,System Architect,Operations
Jeffrey Dunn,DevOps Engineer,Engineering
Scott Ross,HR Manager,Engineering
Patricia Martinez,Business Analyst,Sales
David Price,Product Owner,Human Resources
Christina Woods,Team Lead,Engineering
Greg Villegas,Business Analyst,Finance
Michelle Nelson,DevOps Engineer,Engineering
Luke Sanchez,HR Manager,Human Resources
Matthew Davidson,Team Lead,Sales
Christopher Mcgee II,HR Manager,Sales
Shelby Cruz,HR Manager,Sales
Jacqueline Foster,Business Analyst,Human Resources
Kelly Macdonald,QA Engineer,Operations
Deanna Carlson,DevOps Engineer,Sales
Cynthia Cole MD,Team Lead,Marketing
Nathaniel Jordan,System Architect,Engineering
James Simmons,QA Engineer,IT Support
Alexander Clark,HR Manager,Human Resources
Daniel Bryant,HR Manager,IT Support
Dr. Scott Gonzalez PhD,QA Engineer,Finance
Anthony Santos,Business Analyst,Engineering
Sarah Villanueva,Team Lead,Human Resources
Ryan Frank,Project Manager,Sales
David Miller,Business Analyst,Marketing
Renee Crawford,Software Engineer,IT Support
Samantha Woods,Software Engineer,IT Support
Kerry Curtis,DevOps Engineer,Finance
Tyler Jones,Product Owner,Human Resources
Cody Kim,Product Owner,IT Support
Adrian Jacobs,Team Lead,IT Support
Robert Garcia,Project Manager,Engineering
Rebecca Ramsey,System Architect,IT Support
Cynthia Cole,QA Engineer,Sales
Brandon Aguilar MD,Product Owner,Operations
Mark Welch,Product Owner,Finance
Joseph Moody,System Architect,Marketing
Jorge Rowland,Product Owner,Marketing
Mary Fuller,QA Engineer,Operations
Christopher Mason,System Architect,IT Support
Brenda Brooks,HR Manager,Finance
Dr. Gregg Gray,Software Engineer,Operations
David Brooks,Business Analyst,Engineering
Stephen James DDS,System Architect,Human Resources
Madison Williams,HR Manager,Operations
Samantha Hart,DevOps Engineer,Operations
Michael Dorsey,Product Owner,Engineering
Dustin Meyers,Business Analyst,Operations
Marc Cochran,DevOps Engineer,Operations
William Walker,Project Manager,IT Support
Mary Simmons,Software Engineer,Marketing
Samuel Leblanc,Product Owner,Human Resources
Amber Preston,System Architect,IT Support
Darlene Murphy,DevOps Engineer,IT Support
Jacqueline Chapman,DevOps Engineer,Marketing
Adrienne Krause,Business Analyst,Engineering
Christopher Sherman,HR Manager,Human Resources
Kyle Parker,Project Manager,Operations
Steven Rojas,Team Lead,IT Support
Ashley Acosta,Software Engineer,IT Support
Valerie Harris,Software Engineer,Operations
Miranda Benson,Product Owner,Operations
Lucas Barton,QA Engineer,Human Resources
Lisa Harris,QA Engineer,Sales
Mary Mcdonald,HR Manager,Sales
Stacey Clark,HR Manager,Engineering
Kristen Burton,System Architect,Marketing
David Johnson,Product Owner,Finance
Calvin James,DevOps Engineer,Marketing
Charles Jackson,System Architect,Operations
Dennis Hensley,Product Owner,Sales
Jeremy Moreno,Team Lead,Operations
Jeffrey Chan MD,DevOps Engineer,Operations
Jason Church,DevOps Engineer,Human Resources
Jennifer Rodriguez,Product Owner,Finance
Harold Franco DDS,Product Owner,Sales
Eduardo Whitehead,Project Manager,Marketing
Jack Soto,Product Owner,Sales
Caitlin Williams,Project Manager,Engineering
Amy Nguyen,DevOps Engineer,IT Support
Anthony Sweeney,QA Engineer,Sales
Mike Rodriguez,Business Analyst,Sales
Rebecca Price,QA Engineer,Human Resources
Michael Simmons,QA Engineer,IT Support
Kathryn Barnes,System Architect,IT Support
Katherine Hunter,System Architect,Sales
Ana Logan,System Architect,Operations
Tina Peters,DevOps Engineer,Sales
Brent Greene,DevOps Engineer,IT Support
Lisa Davis,DevOps Engineer,Sales
Natalie Sims,Team Lead,IT Support
James Vincent,Software Engineer,Engineering
Dan Mckenzie,HR Manager,IT Support
Michael Christensen,Project Manager,Operations
Robert Maldonado,Team Lead,Sales
Jennifer Ortiz DDS,QA Engineer,IT Support
Sarah Brown,DevOps Engineer,Sales
Isaiah Castillo,Business Analyst,Human Resources
Shari Mendoza,Product Owner,Human Resources
Barry Johnson,Product Owner,Human Resources
Pam Calhoun,HR Manager,IT Support
Travis Roberts,Software Engineer,Human Resources
Kimberly Caldwell,Software Engineer,Sales
Tammy Lopez,Software Engineer,Sales
Samuel Williams,Software Engineer,Finance
Jamie Tucker,Team Lead,Human Resources
Nicole Mendoza,DevOps Engineer,IT Support
Jeffery Green PhD,HR Manager,Operations
Anthony Smith,QA Engineer,Human Resources
Nicholas Young,Business Analyst,Operations
Diana Ramsey,Team Lead,Engineering
Crystal Fritz,System Architect,IT Support
Stephanie Houston,Project Manager,Finance
Briana Chambers,DevOps Engineer,Finance
Andrew Underwood,Product Owner,Human Resources
Jason Hill,Product Owner,Marketing
Kevin Ortiz,Project Manager,Marketing
Denise Smith,Software Engineer,Marketing
Samuel Wiley,System Architect,Finance
Courtney Santos,HR Manager,Engineering
Lonnie Hunt,Project Manager,Finance
Christopher Jackson,QA Engineer,Marketing
Jerry Smith,Software Engineer,IT Support
Sara Rose,Business Analyst,Marketing
Michael Wilson,Team Lead,IT Support
Robert Diaz,Product Owner,Human Resources
Ashley Boyer,Team Lead,Human Resources
John Abbott,Software Engineer,IT Support
Linda Crawford,Team Lead,Human Resources
Rhonda Zuniga,HR Manager,Finance
Tina Franco,System Architect,Sales
Richard Howard,DevOps Engineer,Marketing
Andrew Gross,Team Lead,Engineering
Katie Sullivan MD,Team Lead,Finance
Yesenia Green,Business Analyst,Sales
Daniel Brown,Team Lead,Human Resources
Kent Walker,Team Lead,Human Resources
David Nelson,QA Engineer,Engineering
Robert Davidson,QA Engineer,Operations
Angela Williams,Project Manager,Operations
Christopher Gonzalez,Software Engineer,IT Support
Cheryl Scott,Product Owner,IT Support
Kayla Taylor,DevOps Engineer,IT Support
Donald Williams,System Architect,Finance
Rebecca Gardner,QA Engineer,Engineering
Steven Thompson,Software Engineer,Human Resources
Bradley Rodriguez,Project Manager,Finance
Erin Murray,DevOps Engineer,Marketing
Stephanie Johnson,HR Manager,Sales
Daniel Gibson,System Architect,Operations
Joseph Robinson,Product Owner,Sales
Randy Hamilton,QA Engineer,Operations
Robert Perkins,Product Owner,IT Support
Donald Holland,System Architect,Sales
Larry Ward,Project Manager,Sales
Stephanie Hayden,DevOps Engineer,Human Resources
Frank Cooper,HR Manager,Human Resources
Keith Pratt,Business Analyst,Human Resources
Patrick Avila,Team Lead,Operations
Edward Hicks,Software Engineer,Human Resources
Mary Fry,HR Manager,Engineering
Misty Cortez,QA Engineer,Marketing
Patrick Smith,DevOps Engineer,Operations
Jason Torres,System Architect,Marketing
Holly Griffin,QA Engineer,Sales
Brenda Walker,Team Lead,Engineering
Curtis Bailey,Team Lead,IT Support
Melissa Riley,Business Analyst,Operations
Scott Johnson,HR Manager,Finance
Katherine Haynes,Product Owner,Engineering
Lauren Hines MD,HR Manager,Sales
Joshua Durham,DevOps Engineer,Operations
Mary Chapman,Project Manager,Operations
Erica Craig,HR Manager,Marketing
Jesus Smith,Business Analyst,Finance
Jacob Lambert,System Architect,Human Resources
Anthony Henderson,Project Manager,IT Support
Michael Martinez,Product Owner,Sales
Roberta Cunningham,Project Manager,Marketing
Patricia Nguyen,Team Lead,Marketing
Jacqueline Peterson,DevOps Engineer,IT Support
Andrew Brown,Business Analyst,Marketing
Ralph Ruiz,Software Engineer,Marketing
Ronald Barnes,DevOps Engineer,Engineering
Raymond Moore,Product Owner,Operations
Samuel Sloan,System Architect,IT Support
Ms. Sandra Frey,Product Owner,Sales
Dr. Bailey Sparks,Project Manager,Human Resources
Jonathon Harmon,Software Engineer,Operations
Mitchell Schroeder,System Architect,Sales
Mr. Edward Sullivan,HR Manager,Human Resources
Cheryl Little,QA Engineer,Marketing
Robert Lee,Software Engineer,Engineering
Jacob Powell,DevOps Engineer,Marketing
Cynthia Fritz,DevOps Engineer,Finance
Rose Avila,Business Analyst,Operations
Mary Miller,Business Analyst,Human Resources
Ruben Tate,QA Engineer,Human Resources
Glenn Harris,Project Manager,Finance
Edwin Shannon,Software Engineer,Finance
Elizabeth Castro,Project Manager,Engineering
Daniel Gould,System Architect,Operations
Frank Chan,Business Analyst,Operations
Jonathan Black,Software Engineer,IT Support
Whitney White,Team Lead,Sales
Marie Hudson,Software Engineer,IT Support
Taylor Davis,Software Engineer,Marketing
Daniel Stewart,DevOps Engineer,Finance
Jonathan Nguyen,Product Owner,Engineering
Lisa Torres,System Architect,Finance
Elizabeth Hill,HR Manager,Marketing
Mark Vasquez,Business Analyst,Finance
Robert Ramirez,Product Owner,Human Resources
Richard Pineda,Product Owner,Operations
Maria Wilson,Team Lead,Marketing
Sandra Morales,Software Engineer,IT Support
David Barker,HR Manager,Operations
Zachary Wallace,Software Engineer,IT Support
Michelle Rodriguez,QA Engineer,Finance
Angela Singleton,Software Engineer,Finance
Benjamin Rosales,Project Manager,Finance
Marc Hall,Project Manager,Human Resources
Dr. Rachel Solis,Project Manager,Marketing
Holly Davidson,Software Engineer,IT Support
Cynthia Harris,Project Manager,Sales
Michael Evans,Product Owner,Marketing
Jason Smith,Software Engineer,IT Support
Melissa Joseph,Product Owner,Human Resources
Lisa Porter,HR Manager,IT Support
Mary Campos,Project Manager,Operations
Mackenzie Wallace,Team Lead,Marketing
Sandra Montes,Product Owner,Human Resources
Cassandra Lin,System Architect,Engineering
Angela Clark,Software Engineer,Marketing
Lisa Cervantes,DevOps Engineer,Sales
Cheryl White,Project Manager,Human Resources
Kristin Ramirez,Team Lead,Finance
Paul West,Team Lead,Engineering
Benjamin Rivera,QA Engineer,Marketing
Makayla Bell,Product Owner,Sales
Michelle Hale,Software Engineer,Operations
Susan Perry,HR Manager,Human Resources
Stacy Nguyen,Product Owner,Marketing
Brent Smith,Project Manager,Marketing
Gwendolyn Velasquez,Business Analyst,Finance
Sheryl Brown,QA Engineer,Marketing
Frank Phillips,System Architect,Operations
John Jackson,Project Manager,Marketing
Kaylee Thompson,System Architect,Finance
Christine Ellison,Product Owner,IT Support
Sheryl Pacheco,DevOps Engineer,IT Support
Kelly Cortez,Business Analyst,IT Support
Ricardo Moreno,Business Analyst,Sales
John Stevens,Product Owner,Operations
Daniel Smith,HR Manager,Human Resources
Paul Day,Product Owner,Sales
Tracy Brown,DevOps Engineer,Human Resources
Jorge Bond,Product Owner,Marketing
Gary Warren,QA Engineer,Human Resources
Jill Olson,System Architect,Sales
Shelley Gonzales,DevOps Engineer,Finance
Donald Patterson,Software Engineer,Operations
Dale Madden,Product Owner,Sales
Matthew Anderson,Project Manager,Operations
Andrea Michael,Project Manager,IT Support
Kristina Webster,DevOps Engineer,Sales
Joseph Stone,Team Lead,IT Support
Jason Stevens,HR Manager,Engineering
Shannon Smith,Team Lead,Finance
Mary Mills,Software Engineer,Engineering
Amy Prince,HR Manager,Sales
Roberta Singleton,System Architect,Sales
Jade Smith,Product Owner,Engineering
Kevin Campbell,Product Owner,Finance
Michele Gonzalez,Business Analyst,Finance
Amanda Warner,Project Manager,IT Support
Paula Martinez,Project Manager,Engineering
Jordan Owens,Team Lead,Sales
Jill Macdonald,QA Engineer,Finance
Samantha Weeks,Project Manager,Operations
Melinda Johnson,Software Engineer,Engineering
Jeffery Raymond,Software Engineer,Engineering
Anne Dunn,System Architect,Engineering
Lisa Alvarez,Business Analyst,Finance
Dana Hamilton,System Architect,IT Support
Sydney Sanders,Team Lead,IT Support
Jessica Lynch,System Architect,Finance
James Reyes,Business Analyst,Sales
Kim Shepherd,QA Engineer,Sales
Andre Howell,System Architect,Sales
Victoria Martinez,Product Owner,Sales
Stacey Martinez,HR Manager,Sales
James Curry,Business Analyst,Human Resources
Christopher Kennedy,Business Analyst,Marketing
Yvonne Grant,DevOps Engineer,Engineering
Jennifer Vasquez,HR Manager,IT Support
Sharon Guzman,Product Owner,Engineering
Samantha Wells,Business Analyst,Finance
Carla Arnold,System Architect,Finance
David Underwood V,Team Lead,IT Support
Patrick Guzman,QA Engineer,Finance
Sarah Moyer,DevOps Engineer,IT Support
Randy Johnson,Team Lead,Sales
David Hill,Team Lead,Finance
Kathleen Baker,Team Lead,Engineering
Catherine Bender,QA Engineer,Sales
Mr. Jerry Watkins Jr.,DevOps Engineer,Marketing
Sydney Obrien,Software Engineer,IT Support
William Arnold,Project Manager,Sales
Lisa Stephens,Product Owner,Finance
Christine Kelley,QA Engineer,Human Resources
Ricardo Taylor,Software Engineer,Engineering
Danielle Hoover,System Architect,Human Resources
Christopher Hall,Team Lead,Engineering
Pamela Steele,Team Lead,Sales
William Patterson,Business Analyst,Marketing
Anna Hardy,Team Lead,Human Resources
Glen Garcia,System Architect,Finance
Tyler Cameron,Software Engineer,Marketing
Jessica Young,HR Manager,Marketing
Dana Williams,Business Analyst,Engineering
Frances Mckinney,Project Manager,Engineering
Melissa Gray,Product Owner,Sales
Timothy Taylor,Project Manager,Marketing
Thomas Dougherty,DevOps Engineer,IT Support
Sara Myers,Team Lead,IT Support
Antonio Kent,Product Owner,IT Support
Rachel Flores,QA Engineer,Sales
Michelle Collins,DevOps Engineer,Sales
Nicole Hunt,Business Analyst,Marketing
Chad Kaiser,HR Manager,IT Support
Daniel Wall,System Architect,Engineering
Andrew Fields,Product Owner,Operations
Mrs. Jamie Jordan,Project Manager,Human Resources
Noah Allen,HR Manager,Sales
Alison Brown,System Architect,Human Resources
Cindy Johns,Project Manager,Sales
John Thomas,Project Manager,Human Resources
Mary Boyd,Team Lead,IT Support
Alexander Reyes,System Architect,Human Resources
Dawn Acosta,Product Owner,Engineering
William Chan,Team Lead,Marketing
Christian Vaughn,DevOps Engineer,Operations
Melissa Montoya,System Architect,Operations
Robert Alexander,Team Lead,Human Resources
Julie Riley,HR Manager,Finance
Gina Joseph,QA Engineer,Engineering
Stacey Wells,Software Engineer,IT Support
Deborah Livingston,System Architect,Engineering
Nancy Paul,HR Manager,Finance
Kelly Sullivan,QA Engineer,Finance
Julie Hall,System Architect,Engineering
Alexandria Beck,Project Manager,Marketing
Angela Terrell,HR Manager,IT Support
Cheryl Chambers,Business Analyst,Finance
Shawna Hale,Project Manager,Marketing
Mariah Phelps,Software Engineer,Operations
Christina York,DevOps Engineer,Finance
Jodi Contreras,Business Analyst,Operations
Melinda Page,Software Engineer,Finance
Danielle Carroll,HR Manager,Human Resources
Stacey Davis,HR Manager,Marketing
Wendy Smith,Software Engineer,Engineering
Kevin Anderson,Team Lead,Human Resources
Ryan Diaz,QA Engineer,Human Resources
Michelle Smith,Product Owner,Engineering
Samuel Johnson,Team Lead,Marketing
Brady Bray,QA Engineer,Human Resources
Shannon Burns,Product Owner,Human Resources
Jessica Curry,Product Owner,Engineering
Alyssa Barnes,Team Lead,IT Support
Steve Williams,QA Engineer,Sales
Donald Robinson PhD,Project Manager,Operations
Jack Jones,Team Lead,Marketing
Keith Collins,Team Lead,IT Support
Justin Lee,Product Owner,Engineering
Justin Hooper,DevOps Engineer,Human Resources
Michelle Davis,Team Lead,Human Resources
Christopher Moran,System Architect,Marketing
Mary Garrett,DevOps Engineer,Sales
Thomas Baker,QA Engineer,IT Support
Brittany Mcmahon,Team Lead,Marketing
Jennifer Hubbard,Team Lead,Sales
Jonathan Moore,Project Manager,IT Support
Sarah Nash,DevOps Engineer,Finance
Rebecca Knight,DevOps Engineer,Finance
Amy Young,Business Analyst,Engineering
Kathryn Carter,Team Lead,Finance
Laura Gordon,System Architect,IT Support
Seth Gibson,Software Engineer,Finance
Jesse Schneider,Product Owner,Sales
Jeffrey Fisher,QA Engineer,Operations
Heather Taylor,Business Analyst,Operations
Brian Ochoa,Team Lead,Marketing
Tara Williams,Team Lead,Operations
Peter Hoffman,QA Engineer,Human Resources
Jessica Rice,HR Manager,Sales
Amanda Hunt,Project Manager,Human Resources
Eduardo Adams,Software Engineer,Sales
Travis Wilson,Product Owner,Operations
Richard Nelson,DevOps Engineer,Marketing
Ann Weiss,Software Engineer,Finance
John Shepard,DevOps Engineer,Finance
Robert Duncan,Team Lead,Sales
Christopher Klein,QA Engineer,Human Resources
Lucas Barton,QA Engineer,Engineering
Melissa Mcdaniel,Business Analyst,Operations
Susan Moss,Project Manager,Finance
Jason Smith,Business Analyst,Marketing
Pam Gomez,HR Manager,Engineering
Darrell Evans,Business Analyst,Operations
Kara Lee,HR Manager,Operations
Roy Wilson,Project Manager,Operations
Paul Page,Product Owner,Engineering
Robert Rodriguez,Product Owner,IT Support
Yolanda Reynolds,System Architect,Engineering
Nathaniel Mcgrath,QA Engineer,Engineering
Daniel Lucero,Software Engineer,Engineering
Jason Henson,Team Lead,Engineering
Kevin Owens,Software Engineer,Operations
Travis Johnson,HR Manager,Sales
Cassandra Rogers,Business Analyst,Marketing
Allen Gomez,Product Owner,Finance
Jonathan Jacobs,Team Lead,IT Support
Victoria Johnson,Product Owner,Finance
Matthew Le,Business Analyst,Human Resources
Catherine Mccall,DevOps Engineer,Marketing
Susan Hall,DevOps Engineer,Finance
David Gardner,Business Analyst,Finance
Michael Chase,Software Engineer,Sales
Daniel Johnson,DevOps Engineer,Sales
Cody Murphy,DevOps Engineer,Finance
Kevin Reed,DevOps Engineer,Finance
Thomas Allen,System Architect,Sales
Margaret Bass,Project Manager,Human Resources
Juan Campos,Business Analyst,Finance
Jose Daniels,Business Analyst,IT Support
Candace Graham,System Architect,IT Support
Cathy Beard,DevOps Engineer,IT Support
Janet Munoz,DevOps Engineer,Engineering
Gabriel Morton,QA Engineer,Operations
Laura Barber,Software Engineer,Marketing
Julie Hill DVM,Product Owner,Engineering
Andrew Avila,Project Manager,Human Resources
Katrina Knight,Project Manager,Human Resources
Heidi Collier,Team Lead,Operations
Todd Hunter,System Architect,Finance
Paul Hensley,Product Owner,Human Resources
Michelle Miller,Team Lead,Engineering
Roy Kim,System Architect,Human Resources
Christopher Kramer,System Architect,IT Support
Pamela Smith,System Architect,Human Resources
Joshua Wilson,DevOps Engineer,IT Support
Jason Walls,Product Owner,Operations
John Morris,Product Owner,Human Resources
Scott Newton,HR Manager,Sales
Robert Daniels,Project Manager,Marketing
Robert Lloyd,DevOps Engineer,Sales
Alexis Malone,DevOps Engineer,Human Resources
Bonnie Ashley,Team Lead,Operations
Maria Taylor,Team Lead,Sales
Brady Golden,DevOps Engineer,Engineering
Pamela Lewis,HR Manager,Finance
Amanda Skinner,Project Manager,IT Support
Laurie Cox,Product Owner,Marketing
Wendy Bishop,Product Owner,Human Resources
Ryan Hamilton,Business Analyst,Sales
Jason Diaz,Product Owner,Operations
Timothy Preston,QA Engineer,Human Resources
Darrell Fleming,Product Owner,Sales
Jamie Woods,Product Owner,IT Support
Deanna Hart,Project Manager,Finance
Rebecca Bird DDS,DevOps Engineer,IT Support
Evan Davila,QA Engineer,IT Support
Kathryn Lester,Software Engineer,Finance
Marie Garrison,System Architect,Engineering
Steven Lindsey,Team Lead,Human Resources
Thomas Gutierrez,DevOps Engineer,Finance
Shannon Hinton,Software Engineer,Engineering
Jim Hicks,Team Lead,Operations
Matthew Harris,Business Analyst,Finance
Courtney Clark,QA Engineer,IT Support
Robin Chambers,QA Engineer,Finance
Tracy Dickson,DevOps Engineer,Human Resources
Alejandro Nash,Software Engineer,Human Resources
Robert Guzman,QA Engineer,IT Support
Tyrone Fernandez,Project Manager,Engineering
Jessica King,Product Owner,Marketing
Casey Baird,System Architect,IT Support
James Lyons,Software Engineer,Human Resources
Adrian Johnson,System Architect,Human Resources
Michael Osborne,DevOps Engineer,Sales
Anita Howard,System Architect,Engineering
Isaac Frost,Business Analyst,IT Support
Jacqueline Clark,System Architect,Sales
David Rowe,Project Manager,Finance
Jon Arnold,HR Manager,Marketing
Calvin Gordon,Product Owner,Human Resources
Walter Sosa,Project Manager,Human Resources
Patricia Gilbert,QA Engineer,Marketing
Tiffany Cunningham,Business Analyst,Marketing
Jeremy Jimenez,System Architect,Engineering
Jacqueline Cummings,System Architect,Marketing
Nancy Parker,HR Manager,Human Resources
Barry Vaughn,QA Engineer,Finance
Robin Ray,Software Engineer,Operations
Joel Smith,QA Engineer,Engineering
Joshua Smith,Product Owner,Finance
Brian Stevens,System Architect,IT Support
Jonathon Noble,DevOps Engineer,Marketing
Misty Shaw,Software Engineer,Finance
William Bailey,QA Engineer,Finance
Mark Little,Project Manager,Human Resources
Jeffrey Hart,Product Owner,Operations
Tina Davidson,Product Owner,Human Resources
James Haney,Business Analyst,Operations
Mark Whitehead,Product Owner,Engineering
Haley Hill,System Architect,IT Support
Kevin Reyes,HR Manager,Human Resources
Bethany Taylor,Software Engineer,Sales
Cynthia Adams,QA Engineer,Sales
Jeffery Thomas,Project Manager,IT Support
Lance Costa,DevOps Engineer,Operations
Matthew Ho,System Architect,Finance
Kevin West,Business Analyst,Sales
Joshua Perez,Team Lead,Marketing
Gabriela Holt,Software Engineer,Human Resources
Mark Castillo,DevOps Engineer,Sales
Wesley Alvarado,Product Owner,Finance
Katie Walters,HR Manager,Human Resources
Stephanie Lee,HR Manager,Human Resources
William Martinez,Business Analyst,Operations
Katherine Smith,Team Lead,IT Support
David Palmer,System Architect,Human Resources
Norma Ross,Project Manager,Marketing
Jason Cabrera,Team Lead,Finance
